{
  "Sensor-1": 0.0,
  "Sensor-2": 0.0,
  "Sensor-3": 0.0,
  "Sensor-4": 0.0,
  "Sensor-5": 0.18930700421333313,
  "Sensor-7": 0.0,
  "Sensor-8": 0.0,
  "Sensor-9": 0.0,
  "Sensor-10": 3.3350089341402054,
  "Sensor-11": 0.0,
  "Sensor-12": 0.0,
  "Sensor-13": 0.13513299822807312,
  "Sensor-15": 0.0,
  "Sensor-16": 0.0,
  "Sensor-17": 0.0,
  "Sensor-18": 0.0,
  "Sensor-19": 0.0,
  "Sensor-20": 0.17444589734077454,
  "Sensor-21": 0.4690302014350891,
  "Sensor-22": 0.0,
  "Sensor-23": 0.0,
  "Sensor-24": 0.0,
  "Sensor-25": 0.0,
  "Sensor-26": 0.0,
  "Sensor-27": 0.0,
  "Sensor-28": 0.0,
  "Sensor-29": 0.0,
  "Sensor-30": 0.0,
  "Sensor-31": 0.0,
  "Sensor-32": 0.0,
  "Sensor-33": 0.21048599481582642,
  "Sensor-34": 0.0,
  "Sensor-35": 0.0,
  "Sensor-36": 0.5962769985198975,
  "Sensor-37": 0.0,
  "Sensor-38": 0.0,
  "Sensor-39": 0.0,
  "Sensor-40": 0.0,
  "Sensor-41": 2.1121659874916077,
  "Sensor-42": 0.0,
  "Sensor-44": 2.817097008228302,
  "Sensor-45": 0.0,
  "Sensor-46": 0.0,
  "Sensor-47": 0.0,
  "Sensor-48": 0.0,
  "Sensor-49": 0.0,
  "Sensor-51": 0.0,
  "Sensor-52": 0.0,
  "Sensor-54": 0.5613309741020203,
  "Sensor-55": 0.0,
  "Sensor-56": 4.694098979234695,
  "Sensor-57": 0.0,
  "Sensor-58": 0.16920700669288635,
  "Sensor-59": 0.0,
  "Sensor-60": 7.477251999080181,
  "Sensor-61": 0.0,
  "Sensor-62": 0.0,
  "Sensor-63": 0.0,
  "Sensor-64": 0.0,
  "Sensor-65": 7.105391142889857,
  "Sensor-66": 0.0,
  "Sensor-67": 0.0,
  "Sensor-68": 0.0,
  "Sensor-69": 0.0,
  "Sensor-71": 0.0,
  "Sensor-72": 0.0,
  "Sensor-73": 0.0,
  "Sensor-74": 0.0,
  "Sensor-76": 0.0,
  "Sensor-77": 7.922796115279198,
  "Sensor-78": 0.0,
  "Sensor-79": 0.0,
  "Sensor-80": 0.6806541085243225,
  "Sensor-81": 0.0,
  "Sensor-82": 0.04983919858932495,
  "Sensor-83": 0.0,
  "Sensor-84": 0.0,
  "Sensor-85": 3.9827509373426437,
  "Sensor-86": 0.0,
  "Sensor-87": 0.0,
  "Sensor-88": 0.0,
  "Sensor-89": 0.0,
  "Sensor-90": 0.0,
  "Sensor-91": 0.0,
  "Sensor-92": 0.0,
  "Sensor-93": 0.0,
  "Sensor-94": 0.0,
  "Sensor-95": 0.0,
  "Sensor-96": 0.0,
  "Sensor-97": 0.0,
  "Sensor-99": 0.0,
  "Sensor-100": 0.0,
  "Sensor-101": 0.0,
  "Sensor-102": 0.0,
  "Sensor-103": 0.0,
  "Sensor-104": 0.0,
  "Sensor-105": 0.0,
  "Sensor-106": 0.06745120137929916,
  "Sensor-107": 0.0,
  "Sensor-108": 0.0,
  "Sensor-109": 0.0,
  "Sensor-110": 0.0,
  "Sensor-111": 0.0,
  "Sensor-112": 0.0,
  "Sensor-113": 0.0,
  "Sensor-114": 0.0,
  "Sensor-115": 0.0,
  "Sensor-116": 0.0,
  "Sensor-117": 0.0,
  "Sensor-118": 0.0,
  "Sensor-119": 0.0,
  "Sensor-120": 0.0,
  "Sensor-121": 0.0,
  "Sensor-122": 0.0,
  "Sensor-123": 0.0,
  "Sensor-124": 0.0,
  "Sensor-125": 0.0,
  "Sensor-126": 0.0,
  "Sensor-127": 0.0,
  "Sensor-128": 0.0,
  "Sensor-129": 0.0,
  "Sensor-130": 0.0,
  "Sensor-131": 0.0,
  "Sensor-132": 0.0,
  "Sensor-133": 0.0,
  "Sensor-134": 0.0,
  "Sensor-135": 0.0,
  "Sensor-136": 0.0,
  "Sensor-137": 0.0,
  "Sensor-138": 0.0,
  "Sensor-139": 8.091876160353422,
  "Sensor-140": 0.0,
  "Sensor-141": 0.0,
  "Sensor-143": 0.0,
  "Sensor-144": 4.1491969376802444,
  "Sensor-145": 0.0,
  "Sensor-146": 0.0,
  "Sensor-147": 0.0,
  "Sensor-148": 0.7028639912605286,
  "Sensor-149": 0.0,
  "Sensor-151": 0.0,
  "Sensor-152": 0.0,
  "Sensor-153": 0.0,
  "Sensor-154": 0.0,
  "Sensor-155": 0.6099729984998703,
  "Sensor-156": 0.0,
  "Sensor-157": 0.0,
  "Sensor-160": 0.0,
  "Sensor-161": 0.0,
  "Sensor-162": 0.6913259923458099,
  "Sensor-163": 0.0,
  "Sensor-164": 0.0,
  "Sensor-165": 0.0,
  "Sensor-166": 0.14620999991893768,
  "Sensor-167": 0.0,
  "Sensor-168": 0.0,
  "Sensor-169": 0.0,
  "Sensor-170": 0.0,
  "Sensor-171": 0.0,
  "Sensor-172": 0.0,
  "Sensor-173": 0.2049201987683773,
  "Sensor-174": 0.0,
  "Sensor-175": 0.0,
  "Sensor-176": 0.0,
  "Sensor-177": 0.0,
  "Sensor-178": 0.0,
  "Sensor-181": 0.0,
  "Sensor-182": 0.0,
  "Sensor-183": 0.0,
  "Sensor-184": 0.3140079975128174,
  "Sensor-185": 0.0,
  "Sensor-186": 0.0,
  "Sensor-188": 0.34272199869155884,
  "Sensor-189": 0.0,
  "Sensor-196": 0.0,
  "Sensor-197": 0.0,
  "Sensor-198": 0.0,
  "Sensor-199": 0.0,
  "Sensor-200": 0.0,
  "Sensor-201": 0.0,
  "Sensor-202": 0.0,
  "Sensor-203": 0.0,
  "Sensor-204": 0.0,
  "Sensor-205": 0.0,
  "Sensor-206": 2.1613009721040726,
  "Sensor-208": 0.0,
  "Sensor-209": 0.0,
  "Sensor-211": 0.0,
  "Sensor-212": 0.0,
  "Sensor-213": 0.0,
  "Sensor-214": 0.3071419894695282,
  "Sensor-215": 0.0,
  "Sensor-216": 0.0,
  "Sensor-217": 0.0,
  "Sensor-218": 0.0,
  "Sensor-219": 0.0,
  "Sensor-220": 0.0,
  "Sensor-221": 0.0,
  "Sensor-222": 0.0,
  "Sensor-223": 0.0,
  "Sensor-224": 0.0,
  "Sensor-225": 0.0,
  "Sensor-226": 0.0,
  "Sensor-228": 0.0,
  "Sensor-229": 0.0,
  "Sensor-239": 0.0,
  "Sensor-240": 0.0,
  "Sensor-245": 0.0,
  "Sensor-246": 0.0,
  "Sensor-247": 0.0,
  "Sensor-248": 1.8507475052028894,
  "Sensor-249": 0.0,
  "Sensor-250": 0.0,
  "Sensor-251": 0.0,
  "Sensor-252": 0.0,
  "Sensor-253": 0.0,
  "Sensor-254": 0.0,
  "Sensor-255": 0.0,
  "Sensor-256": 0.0,
  "Sensor-268": 0.0,
  "Sensor-269": 0.0,
  "Sensor-270": 0.0,
  "Sensor-271": 0.0,
  "Sensor-272": 0.0,
  "Sensor-273": 0.0,
  "Sensor-274": 0.0,
  "Sensor-275": 0.0,
  "Sensor-276": 0.0,
  "Sensor-278": 0.0,
  "Sensor-279": 0.0,
  "Sensor-280": 0.22647400200366974,
  "Sensor-281": 0.0,
  "Sensor-282": 0.0,
  "Sensor-283": 0.0,
  "Sensor-284": 0.0,
  "Sensor-286": 0.0,
  "Sensor-287": 0.0,
  "Sensor-288": 0.0,
  "Sensor-289": 0.9456010013818741,
  "Sensor-290": 0.5376100093126297,
  "Sensor-291": 0.0,
  "Sensor-292": 0.0,
  "Sensor-295": 0.0,
  "Sensor-296": 0.0,
  "Sensor-297": 0.0,
  "Sensor-298": 0.0,
  "Sensor-299": 0.0,
  "Sensor-300": 0.0,
  "Sensor-301": 0.43592700362205505,
  "Sensor-302": 0.0,
  "Sensor-303": 0.06669820100069046,
  "Sensor-304": 0.07251019775867462,
  "Sensor-305": 0.0,
  "Sensor-306": 0.0,
  "Sensor-307": 0.0,
  "Sensor-308": 0.0,
  "Sensor-309": 0.0,
  "Sensor-310": 0.0,
  "Sensor-311": 3.6196309626102448,
  "Sensor-312": 0.0,
  "Sensor-313": 0.0,
  "Sensor-317": 0.0,
  "Sensor-318": 0.2780340015888214,
  "Sensor-319": 0.0,
  "Sensor-320": 3.303344964981079,
  "Sensor-321": 0.0,
  "Sensor-322": 0.0,
  "Sensor-324": 0.0,
  "Sensor-325": 0.0,
  "Sensor-332": 0.0,
  "Sensor-333": 0.2968289852142334,
  "Sensor-334": 0.0,
  "Sensor-335": 0.0,
  "Sensor-336": 0.0,
  "Sensor-337": 0.0,
  "Sensor-338": 0.0,
  "Sensor-339": 0.0,
  "Sensor-340": 0.04282360151410103,
  "Sensor-341": 0.0,
  "Sensor-342": 0.0,
  "Sensor-344": 0.0,
  "Sensor-345": 0.0,
  "Sensor-346": 0.0,
  "Sensor-347": 0.0,
  "Sensor-349": 0.0,
  "Sensor-350": 0.0,
  "Sensor-351": 0.0,
  "Sensor-352": 0.0,
  "Sensor-353": 0.0,
  "Sensor-354": 0.0,
  "Sensor-355": 0.0,
  "Sensor-356": 0.0,
  "Sensor-357": 0.0,
  "Sensor-358": 0.0,
  "Sensor-359": 0.0,
  "Sensor-360": 0.4983869791030884,
  "Sensor-361": 0.0,
  "Sensor-362": 0.11197599768638611,
  "Sensor-363": 0.0,
  "Sensor-364": 0.0,
  "Sensor-366": 0.0,
  "Sensor-367": 0.0,
  "Sensor-368": 0.0,
  "Sensor-369": 0.0,
  "Sensor-377": 0.0,
  "Sensor-378": 0.0,
  "Sensor-383": 0.0,
  "Sensor-384": 0.0,
  "Sensor-385": 0.1790349930524826,
  "Sensor-386": 0.0,
  "Sensor-387": 0.0,
  "Sensor-388": 0.0,
  "Sensor-389": 0.0,
  "Sensor-390": 0.0,
  "Sensor-391": 0.0,
  "Sensor-392": 0.0,
  "Sensor-393": 0.06646759808063507,
  "Sensor-394": 0.0,
  "Sensor-406": 0.0,
  "Sensor-407": 0.0,
  "Sensor-408": 0.0,
  "Sensor-409": 0.0,
  "Sensor-410": 0.0,
  "Sensor-411": 0.0,
  "Sensor-412": 0.0,
  "Sensor-413": 0.0,
  "Sensor-414": 0.0,
  "Sensor-416": 0.0,
  "Sensor-417": 0.0,
  "Sensor-418": 0.0,
  "Sensor-419": 0.0,
  "Sensor-420": 0.0,
  "Sensor-421": 0.0,
  "Sensor-422": 0.0,
  "Sensor-424": 0.9818300157785416,
  "Sensor-425": 0.0,
  "Sensor-426": 0.0669839009642601,
  "Sensor-427": 0.0,
  "Sensor-428": 0.0,
  "Sensor-429": 0.0,
  "Sensor-430": 0.0,
  "Sensor-431": 3.1214459836483,
  "Sensor-432": 0.0,
  "Sensor-433": 0.0,
  "Sensor-434": 0.0,
  "Sensor-435": 0.0,
  "Sensor-436": 0.0,
  "Sensor-437": 0.7470909804105759,
  "Sensor-438": 0.0,